Name,Location,Open Year-Round,Handicap Accessible,Borough,Comments,Latitude,Longitude
100% Playground,"Glenwood Road, East 100 & East 101 streets",Yes,,Brooklyn,,40.646908,-73.899467
174th Street Playground,"East 174 Street, Stratford Avenue, Bronx River Avenue",Yes,,Bronx,,40.833885,-73.8765962
227 Street Playground,Bronx Boulevard between East 226 and East 228 streets,Yes,Yes,Bronx,,40.888553,-73.8550125
Abe Lincoln,"East 135 Street, between Madison & 5 avenues",Yes,,Manhattan,,40.7830603,-73.9712488
Abigail Playground,"East 156 Street, Tinton Avenue",No,,Bronx,,40.8178797,-73.90500569999999
Agnes Haywood Playground,"East 215 Street, Barnes Avenue, East 216 Street",Yes,,Bronx,,40.8805551,-73.8611145
Albemarle Park,Albermarle Road & Dahill Road,Yes,Yes,Brooklyn,,40.64500899999999,-73.9809193
Albert J. Parham Playground,"Adelphi Street, Clermont, DeKalb & Willoughby avenues",Yes,Yes,Brooklyn,,40.6781784,-73.9441579
Alexander Hamilton Playground,"Hamilton Place, West 140 to West 141 streets",Yes,,Manhattan,,40.8206197,-73.9445379
Alfred E. Smith Park,"Catherine Slip, Madison & South streets",Yes,,Manhattan,,40.7096735,-73.9970539
Alice Kornegay Triangle,"Lexington Avenue, East 128 & East 129 streets",Yes,,Manhattan,,40.8063049,-73.9360262
Allerton Playground,"Anrow Avenue, Bouck Avenue, Throop Avenue, Streetedman Place, Allerton Avenue",Yes,,Bronx,,40.8646021,-73.8501102
Alley Park (PS 213),67 Avenue & 230 Street,Yes,,Queens,,40.7474777,-73.74679549999999
Alley Pond Park,"Entrance off Grand Central Parkway, includes athletic fields and picnic areas",Yes,,Queens,,40.7288021,-73.7724884
Alley Pond Park (Alley Athletic Field),"Grand Central Parkway, Winchester Boulevard, &Union Turnpike",Yes,,Queens,,40.7389383,-73.7338075
Alley Pond Park (Alley Pond Spring),"Springfield Boulevard, 73rd Avenue, 76th Avenue to tree line & natural area",Yes,,Queens,,40.7424131,-73.75347339999999
Alley Pond Park (Horatio Playground),Horatio Parkway and 50 Avenue,Yes,,Queens,,40.758242,-73.7531759
Alstyne Playground,Alystine Avenue & 102 Street,Yes,,Queens,,40.7435603,-73.8616416
American Playground,"Noble, Franklin Milton Streets",Yes,Yes,Brooklyn,,40.7291647,-73.957469
Ampere Playground (PS 64),101 Avenue & 82 Street,Yes,,Queens,,40.68113230000001,-73.8570474
Andrews Playground,"49 Avenue, Vernon Boulevard, 5 Street",No,,Queens,,40.743407,-73.95437390000001
Annandale Playground (PS 175),"Yellowstone Boulevard, 65 Road, 65 Avenue",Yes,Yes,Queens,,40.7298433,-73.8507037
Annunciation Park,"Convent and Amsterdam Av, W 135 St",,Yes,Manhattan,,40.81931700000001,-73.951843
Arcilla Playground,"Teller Avenue, Park Avenue, Clay Avenue, East 64 Street",Yes,Yes,Bronx,,40.8299454,-73.9131128
Arrochar Playground,"Sand Lane, Major Avenue, McFarland Avenue",Yes,Yes,Staten Island,,40.5978211,-74.0717897
Arrow Community Garden,"35th Street, between 35th and 36th Avenue",Yes,,Queens,,40.7550919,-73.92656649999999
Asser Levy,Asser Levy Place & East 24-25 streets,Yes,,Manhattan,,40.7361601,-73.9756582
Asser Levy Park,"Boardwalk, Surf, Sea Breeze avenues, Ocean Parkway",Yes,,Brooklyn,,40.5752791,-73.96897170000001
Asser Levy Park (Performance Space),"Boardwalk, Surf, Sea Breeze avenues, Ocean Parkway",Yes,,Brooklyn,,40.5752791,-73.96897170000001
Astoria Heights Playground,"30 Road, 45 to 46 streets",Yes,,Queens,,40.7652191,-73.9073076
Astoria Park (Charybdis Playground),Shore Boulevard opposite 23 Road,Yes,,Queens,,40.7819062,-73.9204719
Athens Sq (PS 17),"29 Street, 30 Street, 30 Avenue, Newtown Avenue",Yes,Yes,Queens,,40.7672696,-73.9221848
Aubondale Playground,"170-171 streets, 33-35 avenues",Yes,,Queens,,40.7481685,-73.7968507
Audubon Playground,West 170 Street & Audubon Avenue,Yes,,Manhattan,,40.8416671,-73.93750949999999
Augustus St. Gaudens,"East 19 to East 20 streets, 2 Avenue",Yes,,Manhattan,,40.7360228,-73.9822738
Bailey Playground,"Bailey Avenue, Weast 233-West 238 streets",Yes,,Bronx,,40.8850328,-73.899998
Baisley Pond Park,"Rockaway Boulevard, 125th Avenue, & Baisley Boulevard South",Yes,,Queens,,40.6758621,-73.7830468
Baisley Pond Park,"150th Street, Rockaway Boulevard, Baisley Boulevard South, & North Conduit Avenue",Yes,,Queens,,40.6670627,-73.78701459999999
Baisley Pond Park (157th Street Playground),157 Street & 116 Avenue,Yes,,Queens,,40.6851275,-73.78653779999999
Bartlett Playground,Bartlett Street & Throop Avenue,Yes,,Brooklyn,,40.7016615,-73.94565469999999
Battery Park (Battery Gardens),"Battery Place, State & Whitehall streets",Yes,,Manhattan,,40.7052168,-74.01393399999999
Battery Park Comfort Station,"Battery Place, State & Whitehall streets",Yes,,Manhattan,,40.7052168,-74.01393399999999
Bay Terrace Playground (PS 169),23 Avenue & 212 Street,Yes,,Queens,,40.7814134,-73.7781826
Bayside Fields,"204 Street & 29 Avenue, Clearview Expressway",Yes,Yes,Queens,,40.7728915,-73.78664669999999
Bayside Playground (JHS 180),Beach Channel Drive & Seaside Avenue,No,,Queens,,40.5854984,-73.8246971
Bayview Playground,Seaview Avenue & East 99 Street,Yes,,Brooklyn,,40.6348063,-73.8880138
Bedford Playground,"Bedford Avenue & South 9 Street, Division Avenue",Yes,,Brooklyn,,40.7186721,-73.9550277
Behagen Playground,"Tinton Avenue, East 165 Street, Union Avenue, East 166 Street",Yes,Yes,Bronx,,40.8260191,-73.9005159
Bellaire Playground,"89 Avenue, 207 & 208 streets",Yes,,Queens,,40.7206187,-73.7575422
Belmont Playground,"Crotona Avenue, East 181 Street",Yes,Yes,Bronx,,40.8489391,-73.8881588
Bendheim Playground,100th Street and Fifth Ave,,Yes,Manhattan,,40.7744146,-73.9656177
Bennett Park,"West 185 Street, Ft Washington Avenue",Yes,,Manhattan,,40.8533949,-73.9374263
Benson Playground,Bath Avenue between Bay 22 & Bay 23 streets,Yes,,Brooklyn,,40.6047003,-73.9997408
Bensonhurst Park,"Gravesend Bay, 21 & Cropsey avenues, Bay Parkway",Yes,,Brooklyn,,40.6076797,-74.0169501
Betsy Head Playground,"Livonia, Dumont, Hopkinson, Blake avenues, Strauss Street",Yes,,Brooklyn,,40.6648086,-73.915308
Betsy Head Playground (Administration Building),"Livonia, Dumont, Hopkinson, Blake avenues, Strauss Street",Yes,,Brooklyn,,40.6648086,-73.915308
Big Bush Park,"61 Street, north and south of Brooklyn-Queens Expressway",Yes,,Queens,,40.7192645,-73.9458161
Bildersee Playground,Flatlands Avenue between East 81 & East 82 streets,Yes,,Brooklyn,,40.6781784,-73.9441579
Bill Brown Memorial Playground,"Bedford Avenue, Avenue X to Avenue Y, E 24 Street",Yes,,Brooklyn,,40.5932846,-73.9453602
Bleecker Playground,Hudson & West 11 streets,Yes,,Manhattan,,40.7358468,-74.0059591
Blood Root Valley (Greenbelt Nature Center),"Rockland, Manor and Brielle avenues, Forest Hill Road",Yes,Yes,Staten Island,,40.5834379,-74.1495589
Blood Root Valley (Park House),"Rockland, Manor and Brielle avenues, Forest Hill Road",Yes,Yes,Staten Island,,40.5834379,-74.1495589
Bloomingdale Park,"Richmond Pkwy, Bloomingdale Rd., Lenevar Ave",,Yes,Staten Island,,40.5351479,-74.2079748
Bloomingdale Playground,"Amsterdam Avenue, West 104 & West 105 streets",Yes,,Manhattan,,40.79939299999999,-73.96633899999999
Blue Heron Park Preserve (Nature Center),Poillon Avenue,Yes,Yes,Staten Island,This facility is currently closed,40.5303319,-74.1765091
Bowne Park,"159 Street, 29 Avenue, 155 Street, 32 Avenue",Yes,,Queens,,40.7719794,-73.81440549999999
Bowne Playground,Union Street and Sanford Avenue,Yes,,Queens,,40.7576513,-73.8251902
Breininger Park,Braddock Avenue & 240 Street,Yes,,Queens,,40.72651620000001,-73.7282156
Breukelen Playground,Louisiana & Flatlands Avenue,Yes,,Brooklyn,,40.6511866,-73.8900487
Brevoort Playground,Ralph Avenue & Chauncy Street,Yes,,Brooklyn,,40.681211,-73.922406
Bridge Park 2,Bridge & Prospect streets,Yes,,Brooklyn,,40.7006752,-73.9873803
Broadway Malls,"Broadway, Columbus Circle to West 110 Street",Yes,,Manhattan,,40.8009929,-73.9590858
Bronx Park (Ben Abrams Playground),Lydig Avenue & Bronx Park East,Yes,,Bronx,,40.8542614,-73.8693736
Bronx Park (Brady Playground),Bronx Park East between Bronxdale Avenue and Unionport Road,Yes,,Bronx,,40.848986,-73.8683877
Bronx Park (French Charley's Playground),East 204 Street & W/S Bronx Park,Yes,,Bronx,,40.873974,-73.8834143
Bronx Park (Olinville Playground),East 219 Street & Bronx River Parkway,Yes,,Bronx,,40.8821212,-73.8582001
Bronx Park (Ranaqua),"Southern Boulevard, Webster, Burke avenues, Bronx Park East, 180 Street",Yes,,Bronx,,40.87150339999999,-73.8705746
Bronx Park (River Park Playground),"East 180th Street, Boston Road",Yes,Yes,Bronx,,40.8426532,-73.8781539
Bronx Park (Rosewood Playground),Bronx River Parkway & Rosewood Street,Yes,,Bronx,,40.87221,-73.8718155
Bronx Park (Waring Playground),Bronx Park East between Waring Avenure and Thwaites Place,Yes,,Bronx,,40.8588707,-73.8695246
Bronx River Parkway (Parque de los Ninos),"Bronx River Parkway, Bronx Park, Westchester/NYC City Line.",Yes,Yes,Bronx,,40.87221,-73.8718155
Brookville Park,"Conduit Avenue, Brookville Boulevard, 144th Avenue, 233rd Street",Yes,,Queens,,40.665184,-73.739845
Brower Park,"Brooklyn, St. Mark's, Kingston avenues, Park Place",Yes,,Brooklyn,,40.66879429999999,-73.94452199999999
Brower Park (Museum),"Brooklyn, St. Mark's, Kingston avenues, Park Place",Yes,,Brooklyn,,40.66879429999999,-73.94452199999999
Brownsville Playground,Linden Boulevard & Hegeman Avenue,Yes,,Brooklyn,,40.6573304,-73.90028439999999
Bufano Playground,"La Salle Avenue, Edison Avenue, Bradford Avenue, Waterbury Avenue",Yes,,Bronx,,40.8389243,-73.83104949999999
Bushwick Playground & Pool,"Flushing Avenue, Bushwick Avenue & Humboldt Street",No,,Brooklyn,,40.701946,-73.936539
Bushwick Playground & Pool,Flushing & Bushwick Avenue between Garden & Beaver,Yes,,Brooklyn,,40.692626,-73.923672
Cabbell Park/Cambria Playground,121 Avenue & 220 Street,Yes,,Queens,,40.6883335,-73.743374
Cadman Plaza & Brooklyn War Memorial,"Tillary, Cadman Plaza West, Cadman Plaza East, Prospect streets",Yes,,Brooklyn,,40.696114,-73.990166
Cadman Plaza & Brooklyn War Memorial,"Tillary, Cadman Plaza West, Cadman Plaza East, Prospect streets",Yes,,Brooklyn,,40.696114,-73.990166
Campiz Playground,Hope Street & Metropolitan Avenue,Yes,,Brooklyn,,40.7127152,-73.9009714
Canarsie Park,"Paerdegat Avenue, Seaview Avenue, East 93rd Street, Skidmore Avenue",Yes,,Brooklyn,,40.6317831,-73.89272129999999
Capt. Rivera Playground,"East 156 Street, Forest Avenue",Yes,Yes,Bronx,,40.8181622,-73.9062307
Capt. Tilly Park,"Highland Avenue, Upland Parkway, Gothic Parkway, 85 Avenue",Yes,,Queens,,40.7113959,-73.7978558
Captain Mario Fajardo Park,Kissena Boulevard & Booth Memorial Avenue,Yes,,Queens,,40.7429665,-73.8143118
Carl Schurz Park,East 84 Street & East End Avenue,Yes,Yes,Manhattan,,40.7736224,-73.9457372
Carl Schurz Promenade,"Stone Wall to East River, East 84 to East 90 streets",Yes,,Manhattan,,40.7808284,-73.9508003
Carmansville Playground,"Amsterdam Avenue, West 151 to West 152 streets",Yes,,Manhattan,,40.8290247,-73.9448489
Carroll Park,Court & Smith Streets,Yes,Yes,Brooklyn,,40.6697798,-74.000559
Carver Playground,Ralph Avenue & Sumpter Street,No,,Brooklyn,,40.6797601,-73.9221148
Caserta Playground,"St. Raymond Avenue, Puroy Street",Yes,,Bronx,,40.8376707,-73.8534703
Castle Hill Playground,"Parker Street, Castle Hill Avenue, Puroy Street",Yes,,Bronx,,40.8398543,-73.8529406
Castlewood Playground (PS 186),Little Neck Parkway & 72 Avenue,Yes,,Queens,,40.7503995,-73.72034409999999
Cauldwell Playground,"Caldwell Avenue, East 163 Street, East 161 Street",Yes,,Bronx,,40.8245063,-73.9148575
Cavanaugh Triangle (Angelo Campanero Playground),"East Gun Hill Road, Eastchest Road, & O'Neil Place",Yes,Yes,Bronx,,39.69889,-122.95917
Cedar Playground,"West 179 Street, West Burnside Avenue, Major Deegan Expressway, Sedgewick Avenue",Yes,,Bronx,,40.8311155,-73.93250619999999
Central Park (Ancient Playground),85 ST & 5TH AVE,,Yes,Manhattan,,40.7808552,-73.9609158
Central Park (Arsenal),5th Avenue from 60th Street to 65th Street,Yes,,Manhattan,,40.7668879,-73.9675776
Central Park (Bethesda Terrace),,,,Manhattan,,40.8205423,-73.93694119999999
Central Park (Conservatory Garden),"5th Avenue, 103rd Street to 106th Street",Yes,,Manhattan,,40.7915312,-73.9447036
Central Park (Dana Discovery Center),110th Street between Fifth Avenue and Malcolm X Boulevard,Yes,Yes,Manhattan,,40.8096347,-73.9442166
Central Park (Heckscher Playground),"62 ST, BET WEST & CENTER DRS",,,Manhattan,,40.7630715,-73.9643414
Central Park (Kerbs Boathouse),74th Street near Fifth Avenue,Yes,,Manhattan,,40.7744146,-73.9656177
Central Park (Lasker),Central Park at 107th Street,Yes,Yes,Manhattan,,40.79873329999999,-73.95955459999999
Central Park (Loeb Boathouse),East Side between 74th and 75th streets,Yes,,Manhattan,,40.7710852,-73.9577386
Central Park (North Meadow Recreation Center),Mid-park at 97th Street,Yes,Yes,Manhattan,,40.7872899,-73.9521907
Central Park (Ramble),Central Park,,,Manhattan,,40.798713,-73.9535691
"Central Park (Sheep Meadow, Mineral Springs)",Mid-park at 69th Street,No,Yes,Manhattan,,40.7692136,-73.96534989999999
Central Park (Tavern on The Green),Central Park,,,Manhattan,,40.798713,-73.9535691
Central Park (Tennis Courts),93d Street near the West Drive,Yes,,Manhattan,,40.7832685,-73.9507498
Central Park (The Great Hill),West Side from 103rd to 107th streets,No,,Manhattan,,40.8008544,-73.964631
Central Park (The Metropolitan Museum of Art),Fifth Avenue at 82nd Street,Yes,,Manhattan,,40.7789593,-73.9623038
Central Park (West 61st),"West Drive, Central Park West, & 65th Street Transverse",No,,Manhattan,,40.7825547,-73.9655834
Central Park (Wollman Rink),Center Drive to East Drive (including Gapstow Bridge),Yes,Yes,Manhattan,,40.7232305,-73.9765362
Central Park Delacorte Comfort Station,Mid-Park at 80th Street,Yes,Yes,Manhattan,,40.7762914,-73.9599288
Century Playground,Brighton Beach Avenue & West 2 Street,Yes,,Brooklyn,,40.577555,-73.9614289
Challenge Playground (PS 187) 251 Street Playground,251 Street & 63 Avenue,No,,Queens,,40.7559921,-73.72722399999999
Chelsea Park,West 27 Street & 9 Avenue,Yes,,Manhattan,,40.74439659999999,-73.98807479999999
Chelsea Recreation Center,"South of West 25 Street, 9 to 10 avenues",Yes,Yes,Manhattan,,40.7428202,-74.0077185
Cherry Tree (Washington) Playground,"99 to 100 streets, 3 Avenue",Yes,,Manhattan,,40.7877698,-73.9474512
Chester Playground,"Chester Street, Sutter Avenue",Yes,,Brooklyn,,40.6670413,-73.91102060000001
Ciccarone Park Playground,"Arthur Avenue, East 188 Street",Yes,,Bronx,,40.85642989999999,-73.8868179
City Line Park,Atlantic & Fountain avenues,Yes,,Brooklyn,,40.6801678,-73.87658139999999
Claremont Park,Mount Eden Parkway & Morris Avenue,Yes,,Bronx,,40.8430635,-73.9095456
Claremont Park Playground,E 170 Street & Teller Avenue,Yes,,Bronx,,40.83714459999999,-73.90964439999999
Clark Playground,"3 Avenue, East 144 Street, East 146 Street",Yes,Yes,Bronx,,40.8137524,-73.9220586
Clement Clark Moore Park,Broadway & 83 Street,Yes,,Queens,,40.7864684,-73.9781615
Clintonville Playground (JHS 194),"Clintonville Street, 17 Road & 17 Avenue",Yes,,Queens,,40.782644,-73.807704
Col. Charles Young Playground,West 144 Street & Lenox Avenue,Yes,,Manhattan,,40.8197453,-73.9366594
Col. David Marcus Memorial Playground,"Ocean Parkway, Avenue P, East 3 Street",Yes,,Brooklyn,,40.60940009999999,-73.9677351
Coleman Square Playground,Between Cherry & Monroe streets,Yes,,Manhattan,,40.7119365,-73.9902829
College Point Park,130th Street & 23rd Avenue,Yes,,Queens,,40.778612,-73.83886439999999
Colucci Playground,"Hutchinson River Parkway, Wilkinson Avenue, Mayflower Avenue",Yes,,Bronx,,40.851854,-73.83375699999999
Columbus Park,"Adams, Johnson, Fulton, Joralemon streets",Yes,,Brooklyn,,40.6946376,-73.9891075
Columbus Park,"Baxter, Mulberry, Bayard & Worth streets",Yes,Yes,Manhattan,,40.715784,-74.0034483
Com. John Barry Park & Playground,South of Flushing Avenue,Yes,,Brooklyn,,40.7019208,-73.9369454
Com. John Barry Park & Playground,South of Flushing Avenue,No,,Brooklyn,,40.7019208,-73.9369454
Com. John Barry Park & Playground (Athletic Area),South of Flushing Avenue,No,,Brooklyn,,40.7019208,-73.9369454
Comm. Eugene S. Sarsfield Playground,"East 38 Street & Ryder Street, Avenue M",Yes,,Brooklyn,,40.6205565,-73.9370131
Coney Island,Brighton 2nd,,Yes,Brooklyn,,40.5769054,-73.9651278
Coney Island,W 27 ST.,,Yes,Brooklyn,,40.5743972,-73.9930305
Coney Island,W 33 St.,,Yes,Brooklyn,,40.5765001,-73.9998987
Coney Island Beach,Corbin Place to Coney Island Avenue,Yes,,Brooklyn,,40.6136033,-73.9631313
Coney Island Beach,Stillwell Avenue,Yes,Yes,Brooklyn,,40.5907914,-73.9841274
Coney Island Beach,West 16th Street,No,Yes,Brooklyn,,40.5799537,-73.984322
Coney Island Beach,W 22 ST.,No,Yes,Brooklyn,,40.5761548,-73.9890093
Conference House Park,"Pittsville St,Hylan Blvd.,Surf,Richard Aves",,Yes,Staten Island,This facility is currently closed,40.5464584,-74.1414633
Cooper Park,"Sharon, Olive streets, Maspeth & Morgan avenues",Yes,,Brooklyn,,40.7167763,-73.9363177
Corona Golf Playground,109 Street between 46-47 avenues,Yes,,Queens,,40.7412266,-73.9183522
Corporal John A. Seravalli Playground,Hudson & Horatio streets,Yes,,Manhattan,,40.7387624,-74.0054984
Corporal Thompson Park,"Broadway, Henderson Avenue",No,,Staten Island,,40.636654,-74.117699
Corporal Thompson Park/West Brighton Pool,"Broadway, Henderson Avenue",No,Yes,Staten Island,,40.636654,-74.117699
Crocheron Park Field House,"34th Avenue, 214th Place, 34th Road, 214th Lane, 35th Avenue, & 216th Street",Yes,,Queens,,40.776662,-73.7702967
Crotona Park (Martin Van Buren Playground),Crotona East & Claremont Parkway,Yes,,Bronx,,40.83649550000001,-73.89776599999999
Crotona Park (Playground of the Stars),Fulton Avenue & Crotona Park South,Yes,,Bronx,,40.8354996,-73.9012832
Crotona Park (Pool House),173rd Street and Fulton Avenue,Yes,Yes,Bronx,,40.8406852,-73.8982801
Crotona Park Environmental Center,"Crotona Park North, Crotona Park South, Crotona Park East, Fulton Avenue",Yes,,Bronx,,40.8413665,-73.8927009
Crowley Playground,57 Avenue & 83 Street,Yes,,Queens,,40.7297203,-73.88007879999999
Cunningham Park,"Union Turnpike, Clearview Expressway, 73rd Avenue, Francis Lewis Boulevard",Yes,,Queens,,40.7363079,-73.77279759999999
Cunningham Park (210th Street Playground),210 Street & 73 Avenue,Yes,,Queens,,40.7391723,-73.7635976
Cunningham Park (HQ8),"South of Union Turnpike, between Francis Lewis Boulevard & 193rd Street",Yes,Yes,Queens,,40.7241362,-73.7639261
Cypress Hills Park,Blake & Euclid avenues,Yes,,Brooklyn,,40.676033,-73.8720666
Daniel M. O'Connell Playground,113 Avenue & 196 Street,Yes,,Queens,,40.700413,-73.7588353
De Witt Clinton Park,"West 52 to West 54 streets, 11 to 12 avenues",Yes,Yes,Manhattan,,40.7607432,-74.0020717
Dematti Playground,"Tompkins Avenue, Chestnut Avenue",Yes,,Staten Island,,40.615587,-74.0735771
Detective Keith L. Williams Park,"106 Avenue, 173 Street, Liberty Avenue, 172 Street",Yes,,Queens,,40.704192,-73.78598219999999
Devoe Park,"West Fordham Road, University Avenue, Sedgwick Avenue, Father Zeiser Place",Yes,,Bronx,,40.8637387,-73.9056412
Digilio Playground,McDonald Avenue & Avenue F,Yes,,Brooklyn,,40.6331689,-73.9776328
Dimattina Playground,Hicks & Rapelye streets,Yes,,Brooklyn,,40.6805621,-74.0029059
Ditmars Park Playground,23 Avenue to Ditmars Boulevard,Yes,,Queens,,40.7689979,-73.8893335
Double Nickel Playground,Osborne Street and Preston Avenue,Yes,Yes,Staten Island,,40.5369547,-74.1617987
Downing Street Playground,"Downing to Carmine streets, Avenue of the Americas",Yes,,Manhattan,,40.7305359,-74.00172789999999
Dr. Charles R. Drew Memorial Park,"Van Wyck Expressway, 116 Avenue, 140 Street, 115 Avenue",Yes,,Queens,,40.6801011,-73.8017272
Dr. Martin Luther King Jr. Park,"Dumont, Blake, Miller avenues",Yes,,Brooklyn,,40.6707374,-73.8907346
Dr. Richard Greene Playground,Mother Gaston Boulevard (Stone Avenue) & Sutter avenues,Yes,,Brooklyn,,40.6693045,-73.9019022
Drew Playground,"Fulton Avenue, East 169 Street",Yes,,Bronx,,40.8322219,-73.9034334
Dry Dock Playground,"East 10 Street & Szold Place, Avenue D",No,,Manhattan,,40.7253338,-73.9762191
Dugan Playground,Mill Road & Tysens Lane,Yes,,Staten Island,,40.5614573,-74.11225089999999
Dutch Kills Playground (PS 112),"Crescent-28 streets, 36 Avenue, 37 Avenue",Yes,,Queens,,40.7566048,-73.92966849999999
Dyckman House Museum,Broadway & West 204 Street,Yes,,Manhattan,,40.86702289999999,-73.9231162
Dyker Beach Park,"Shore Parkway, 86 Street, 7 to 14 avenues",Yes,,Brooklyn,,40.6249322,-73.9990462
East Elmhurst Playground (PS 127),25 Avenue & 98 Street,Yes,Yes,Queens,,40.764625,-73.87177299999999
East River Park (10th Street),Northern extreme of park,Yes,,Manhattan,,40.7830603,-73.9712488
East River Park (Tennis Courts),East River Park at Broome Street,Yes,,Manhattan,,40.7216103,-73.9994554
East River Park (Track Building),East 6 Street & FDR Drive,Yes,,Manhattan,,40.7216141,-73.9747562
East River Playground,"FDR Drive, East 106 to East 107 streets",Yes,,Manhattan,,40.7887513,-73.93784509999999
East Springfield Playground,115 Road between 218 & 219 streets,Yes,,Queens,,40.7285784,-73.7448869
Eastchester Playground,"Adee Avenue, Tenbroeck Avenue",Yes,,Bronx,,40.86940389999999,-73.8527582
Edenwald Playground,"East 226 Drive, Schieffelin Avenue",Yes,,Bronx,,40.8834859,-73.8453026
Ederle Comfort Station,Flushing Meadows Corona Park,,Yes,Queens,,40.7400275,-73.8406953
Edmonds Playground,"DeKalb Avenue, Adelphi Street",Yes,,Brooklyn,,40.6895466,-73.9711441
Electric Playground,"164 Street, south of 65 Avenue",Yes,,Queens,,40.7343623,-73.8048112
Emerald Playground (PS 200),164 Street between Jewel & 71 avenues,Yes,,Queens,,40.7343623,-73.8048112
Equity Park,"90 Street, 88 & 89 avenues",Yes,,Queens,,40.6900212,-73.8553487
Ethan Allen Playground,New Jersey Avenue & Vermont Street/Worthman,Yes,,Brooklyn,,40.6561936,-73.8866958
Farm Playground,"73 Avenue, 195 Street & 196 Place",Yes,,Queens,,40.7348088,-73.7777589
Fermi Playground,Troutman Street & Central Avenue,Yes,,Brooklyn,,40.70029,-73.929035
Fisher Pool,"32 Avenue, 99 Street",No,,Queens,,40.7590771,-73.8698387
Flushing Fields (Leonardo Ingravallo Playground),"Bayside Avenue, 25 Avenue, 149 to 150 streets",Yes,,Queens,,40.7190036,-73.8121073
Flushing Meadows Corona Park (Albert H. Mauro Playground),Park Drive East & 73 Terrace,Yes,,Queens,,40.7230812,-73.8267229
Flushing Meadows Corona Park (Lawrence Playground),College Point Boulevard and Lawrence Street,Yes,,Queens,,40.7453354,-73.8334255
Flushing Meadows Corona Park (Meadow Lake North),Long Island Expressway to Meadow Lake to Van Wyck Expressway Extension to Grand Central Parkway,Yes,,Queens,,40.7290013,-73.839635
Flushing Meadows Corona Park (Passerelle),"Unisphere Fountain to pool, at Meridian Road",Yes,Yes,Queens,,40.7463889,-73.8450676
Flushing Meadows Corona Park (Playground for All Children),111 Street and Corona Avenue,Yes,Yes,Queens,,40.7407916,-73.85005319999999
Hansborough Recreation Center,35 West 134 Street,Yes,,Manhattan,,40.8128918,-73.9394264
Flushing Meadows Corona Park (Worlds Fair Playground),"Grand Central Parkway, Van Wyck Expressway",Yes,,Queens,,40.7007133,-73.8151411
"Flushing Meadows Corona Park (Zoo, Ballfields)",Grand Central Parkway to 111th Street to Heckscher Children Farm to Playground for All Children,Yes,Yes,Queens,,40.7413416,-73.8489647
Flynn Playground,"3 Avenue, East 158 Street, Brook Avenue, East 157 Street",Yes,,Bronx,,40.8202734,-73.9118877
Forest Park (Dry Harbour Playground),80 Street & Myrtle Avenue,Yes,,Queens,,40.70297,-73.86824299999999
Forest Park (Jackson Pond Playground),108 Street and Park Lane South,Yes,,Queens,,40.7009114,-73.842163
Forest Park (Seuffert Bandshell),West Main Drive to eastern side of golf course,No,,Queens,,40.7735649,-73.9565551
"Forest Park (Sobelsohn Playground, The Overlook)",Park Lane South and Abingdon Road,Yes,,Queens,,40.70963589999999,-73.834812
Forest Park (Tennis Courts -Forest Parkway),Park Lane South to north of tennis courts,Yes,,Queens,,40.6981762,-73.8495848
Forest Park (The Overlook),Park Lane (to east and south) to Metropolitan Avenue,Yes,,Queens,,40.7123721,-73.8921114
Forest Park (Victory Field),Long Island Railroad to Woodhaven Boulevard. to Myrtle Avenue to 96th Street,Yes,,Queens,,40.7282239,-73.7948516
"Forest Park (Visitor Center, near the Carousel)",Woodhaven Boulevard and Forest Park Drive,Yes,,Queens,,40.7006492,-73.85451359999999
Fort Greene Park,South of Myrtle Avenue to Willoughby Avenue,Yes,,Brooklyn,,40.693901,-73.9489238
Fort Greene Playground,Myrtle Avenue & St. Edwards Plaza,Yes,Yes,Brooklyn,,40.6934538,-73.97783319999999
Fort Independence Playground,"Stevenson Place, West 238 Street, Sedgwick Avenue",Yes,,Bronx,,40.8818433,-73.89640469999999
Fort Tryon Park (Anne Loftus Playground),Broadway & Dyckman Street,Yes,Yes,Manhattan,,40.8655401,-73.92727289999999
Fort Tryon Park (Café),One Margaret Corbin Drive,No,,Manhattan,,40.8625059,-73.9327062
Fort Tryon Park (The Cloisters),"Riverside Drive to Broadway, West 192 to Dyckman streets",Yes,,Manhattan,,40.8645387,-73.9266358
Fort Washington Park (Lily Brown Playground),"West 162 Street, east of Riverside Drive",Yes,Yes,Manhattan,,40.834891,-73.9377513
Fox Playground,"Avenue H, East 54 to E 55 streets",Yes,Yes,Brooklyn,,40.6238654,-73.9225734
Francis Lewis Playground,3 Avenue and Bronx Whitestone Bridge,Yes,,Queens,,40.802107,-73.8298036
Frank D. O'Connor Playground,Broadway & 78 Street,Yes,,Queens,,40.7449486,-73.887344
Frank Golden Park,"132 to 138 streets, 14 Road",Yes,,Queens,,40.7424164,-73.8278025
Franz Sigel Park,"East 153 Street, Gerard Avenue, East 151 Street, Walton Avenue",Yes,Yes,Bronx,,40.8211188,-73.9274767
Frederick B. Judge Memorial Playground,"111 Avenue, 134 & 135 streets, Lincoln Street",Yes,,Queens,,40.6842499,-73.8087431
Frederick Douglass Playground,West 100-101 Street Amsterdam Avenue,Yes,,Manhattan,,40.794506,-73.962471
Frederick E. Samuel Playground,"Lenox Avenue, West 139 to West 140 streets",Yes,,Manhattan,,40.8205972,-73.9464625
Frederick Johnson Park,"7 Avenue, West 150-151 streets",Yes,,Manhattan,,40.8247877,-73.93667409999999
Fresh Meadows Playground (PS 173),67 Avenue & 173 Street,Yes,,Queens,,40.7346299,-73.7966447
Friends Field,"Avenue L, East 4 Street, McDonald Avenue, Avenue M",Yes,,Brooklyn,,40.61915,-73.971864
Fulton Park,"Fulton, Chauncey streets, Stuyvesant, Lewis avenues",Yes,,Brooklyn,,40.6797339,-73.9328673
Galapo Playground,"Bedford Avenue, Gravesend Neck Road",Yes,,Brooklyn,,40.5984016,-73.94634769999999
Garibaldi Playground,82 to 83 Street at 18 Avenue,Yes,,Brooklyn,,40.6088642,-74.00065920000002
General Douglas MacArthur Park,East 49 Street & East River Drive,Yes,,Manhattan,,40.752536,-73.9649056
Glenwood Playground,Ralph Avenue & Farragut Road,Yes,Yes,Brooklyn,,40.6374886,-73.91916549999999
Gorman Playground,30 Avenue between 84 & 85 streets,Yes,,Queens,,40.6960515,-73.8597557
Gouverneur Playground,"3rd Avenue, St. Paul's Place, East 170 Street",Yes,,Bronx,,40.8356545,-73.9055843
Gowanus Playground,Wyckoff Street between Bond & Hoyt streets,Yes,,Brooklyn,,40.6849851,-73.9880604
Grandview Playground,"Grandview Avenue, Continental Place",Yes,Yes,Staten Island,,40.630585,-74.16523699999999
Gravesend Park,18 Avenue & 56 Street,Yes,,Brooklyn,,40.6243308,-73.98497680000001
Greencroft Playground (PS 53),"Redgrave, Ainsworth & Durant avenues",Yes,,Staten Island,,40.5520083,-74.1380009
Greene Playground,Greene & Washington avenues,Yes,,Brooklyn,,40.6867499,-73.9655358
Greenwood Playground,"Fort Hamilton Parkway, Greenwood, East 5 Street",Yes,,Brooklyn,,40.6225636,-73.9715601
Grove Hill Playground,"East 158 Street, Caldwell Avenue, Eagle Avenue",Yes,,Bronx,,40.8223113,-73.9148502
Grover Cleveland Park,"Rene Court, Grandview Avenue, Stanjope Street & Fairview Avenue",Yes,,Queens,,40.712214,-73.91116199999999
Gun Hill Playground,"Holland Avenue, Magenta Street, Cueger Avenue",Yes,,Bronx,,40.87493,-73.864975
Gunn Park (PS 18),"Hillside Avenue, east of 235 Court",No,,Queens,,40.7189325,-73.7645067
Haffen Park,"Burke Avenue, Hammersley Avenue, Gunther Avenue, Ely Avenue",Yes,,Bronx,,40.8724622,-73.83998319999999
Haffen Park,"Burke Avenue, Hammersley Avenue, Gunther Avenue, Ely Avenue",No,,Bronx,,40.8724622,-73.83998319999999
Haggerty Park,202 Street & Jamaica Avenue,No,Yes,Queens,,40.7134288,-73.7592054
Hallets Cove Playground,"Hallets Cove, Vernon Boulevard",Yes,,Queens,,40.77179040000001,-73.9343288
Hamilton Fish Park (Recreation Center),Between East Houston & Stanton streets,Yes,Yes,Manhattan,,40.7221373,-73.985796
Hamilton-Metz Field,"Albany, East New York, Lefferts avenues",Yes,,Brooklyn,,40.6590529,-73.8759245
Hammel Playground,Rockaway Beach Blvd. Bet. Beach 84 St. And Beach 81 St.,,Yes,Queens,,40.5878132,-73.8068966
Happy Warrior Playground,West 98 Street & Amsterdam Avenue,Yes,,Manhattan,,40.795361,-73.969415
Harold Schneiderman Playground (PS 232),155 Avenue & 83 Street,Yes,Yes,Queens,,40.6645092,-73.850875
Harris Park,"West 205 Street, Paul Avenue, Bedford Pk B, Goulden Avenue",Yes,,Bronx,,40.877126,-73.8928913
Harry Maze Memorial Park,Avenue D between East 56 & East 57 Street,Yes,,Brooklyn,,40.7571883,-73.96025949999999
Hart Playground,"37 Avenue, west of 69 Street",Yes,,Queens,,40.7501911,-73.8801257
Harvey Park,"15 to 20 avenues, East of Whitestone Expressway",Yes,,Queens,,40.7811132,-73.8121079
Hattie Carthan Playground,East of Marcy Street,Yes,,Brooklyn,,40.6974587,-73.9496202
Havemeyer Playground,"Watson Avenue, Havenuemeyer Avenue, Cross Bronx Expressway",No,,Bronx,,40.828049,-73.863572
Heckscher Playground,Grove Street to Linden Street,Yes,Yes,Brooklyn,,40.7007031,-73.9122271
Henry Hudson Park,"Palisade Avenue, Kappock Street & Independence Avenue",Yes,,Bronx,,40.8827947,-73.9202619
Herbert Von King Park,"Greene, Marcy, Lafayette, Tompkins avenues",Yes,Yes,Brooklyn,,40.6905638,-73.94536049999999
Herman Dolgon Playground,Avenue V & Nostrand Avenue,Yes,,Brooklyn,,40.5983108,-73.9414827
Hermon MacNeil Park,East of paved path running north from 119th Street,Yes,,Queens,,40.7817983,-73.8486582
High Rock Park,Richmond Parkway & Moravian Cemetery at Rockland Avenue,Yes,,Staten Island,,40.588548,-74.1446221
High Rock Park (Education Building),Richmond Parkway & Moravian Cemetery at Rockland Avenue,Yes,,Staten Island,,40.588548,-74.1446221
High Rock Park (McArthur Park),Richmond Parkway & Moravian Cemetery at Rockland Avenue,Yes,Yes,Staten Island,,40.588548,-74.1446221
High Rock Park (Visitor Center),Richmond Parkway & Moravian Cemetery at Rockland Avenue,Yes,,Staten Island,,40.588548,-74.1446221
Highbridge Park (Quisqueya Playground),West 180 Street & Amsterdam Avenue,Yes,,Manhattan,,40.8474255,-73.93140350000002
Highbridge Park (Recreation Center),"West 155 & Dyckman streets, Edgecombe & Amsterdam avenues",Yes,,Manhattan,,40.8645387,-73.9266358
Highbridge Park (Wallenberg Playground),West 188 Street & Amsterdam Avenue,Yes,Yes,Manhattan,,40.8524934,-73.9277036
Highbridge Park-Wallenberg Playground,W 189 St & Amsterdam Ave,,Yes,Manhattan,,40.853124,-73.9272569
Highland Park,Jackie Robinson Parkway to Highland Boulevard,Yes,,Queens,,40.6829998,-73.8915027
Hoffman Park,Hoffman Drive west of Queens Boulevard,Yes,,Queens,,40.7333031,-73.8725475
Holcombe Rucker,"West 155 Street, 8 Avenue to Harlem River Drive",Yes,,Manhattan,,40.8278431,-73.9346673
Hollis Playground (JHS 192),205 Street & Hollis Avenue,No,,Queens,,40.7069743,-73.75283019999999
Holy Cow Playground (PS 179),Peck Avenue & Harding Boulevard,No,,Queens,,40.7440579,-73.7871133
Hoover Playground,Manton Street & 83 Avenue,Yes,,Queens,,40.7125497,-73.8210617
Horace Harding Playground (PS 206),62 Drive between 97 Place & 98 Street,Yes,,Queens,,40.7271346,-73.8680487
Horseshoe Playground,"Hall Place, Rogers Place, East 165 Street",Yes,,Bronx,,40.8238496,-73.8973039
Howard Bennett Playground,"West 135 to West 136 streets, Lenox to 5 avenues",Yes,,Manhattan,,40.7744146,-73.9656177
Hunts Point Playground,"Spofford Avenue, Hunts Point Avenue, Faile Street",Yes,,Bronx,,40.815914,-73.887085
Inwood Hill Park (Nature Center),Gaelic Field and Area around Salt Marsh West of Indian Road (at 218th Street),Yes,,Manhattan,,40.8716065,-73.9150554
Inwood Hill Park (Payson Playground),Payson & Dyckman streets,Yes,,Manhattan,,40.8667472,-73.9287258
Inwood Hill Park (Tennis Courts),Tennis courts & ballfields along Seaman Avenue from 207th Street to 214th Street,Yes,,Manhattan,,40.8710264,-73.9192303
J. Hood Wright Park,"Ft. Washington & Haven avenues, West 173 Street",Yes,Yes,Manhattan,,40.84213949999999,-73.9422811
J.J. Byrne Memorial Park,"3 to 4 streets, 4 to 5 avenues",Yes,,Brooklyn,,40.6498711,-74.0053756
Jackie Robinson Park,Malcolm X Boulevard between Chauncey and Marion streets,Yes,Yes,Brooklyn,,40.6809619,-73.9181759
Jackie Robinson Park,West 149 Street & Bradhurst Avenue,Yes,,Manhattan,,40.8257929,-73.9410556
Jackie Robinson Park (Playground One Fifty Two CLII),West 152 Street & Bradhurst Avenue,Yes,,Manhattan,,40.8276846,-73.9396757
Jackie Robinson Park (Recreation Center),"Bradhurst & Edgecombe avenues,West 145 to West 155 streets",Yes,Yes,Manhattan,,40.8309147,-73.9414249
Jackie Robinson Playground,"Sullivan Place & Franklin Avenue, Montgomery Street",Yes,,Brooklyn,,40.6662639,-73.95955959999999
Jacob Schiff Playground (PS 192),"Amsterdam Avenue, West 136 Street",Yes,,Manhattan,,40.8195841,-73.95174829999999
James J. Walker Park (Carmine Recreation Center),"Hudson, Leroy, Clarkson Streets, 7 Avenue",Yes,,Manhattan,,40.7296395,-74.0084028
Jesse Owens Playground,Stuyvesant & Lafayette avenues,Yes,Yes,Brooklyn,,40.6918995,-73.9338283
John Golden Park,"215 Place, south of 32 Avenue",No,Yes,Queens,,40.7696412,-73.8065075
John J. Carty Park,"Fort Hamilton Parkway, 94-95 streets",Yes,,Brooklyn,,40.6156341,-74.0287151
John Jay Park & Pool,East 76-East 78 streets & Cherokee Place,Yes,,Manhattan,,40.77495380000001,-73.96149679999999
John Paul Jones Park,"Shore Parkway, Fort Hamilton Parkway, 101 Street",Yes,,Brooklyn,,40.6111563,-74.0325481
Joline Pool Playground (Modular Equipment),"Joline Avenue, Hylan Boulevard",No,,Staten Island,,40.5062126,-74.2349127
Joline Pool Playground (Modular Equipment),"Joline Avenue, Hylan Boulevard",No,Yes,Staten Island,,40.5062126,-74.2349127
Joseph Austin Playground,Grand Central Parkway & 164 Place,Yes,,Queens,,40.7165322,-73.8019198
Joseph F. Mafera Park,65 Place & Catalpa Avenue & 68 Avenue,Yes,,Queens,,40.70534990000001,-73.8916486
Julio Carballo Field,"Lafayette Avenue, Manda Street",Yes,,Bronx,,40.8224911,-73.8551476
Juniper Valley Park,Lutheran Avenue; North and South Juniper boulevards; and the pathway from 76th Street on north end to 75th Street on south end,Yes,Yes,Queens,,40.7432725,-73.8897272
Juniper Valley Park (North Playground Tennis),62nd Avenue & 80th Street,Yes,,Queens,,40.7231038,-73.8776718
K.L. Williams Playground (Tennis),"Liberty Avenue, 172-173 streets",Yes,,Queens,,40.7046003,-73.7854301
Kaiser Park,"South of Gravesend Bay, southeast of Path, northeast of Neptune Avenue",Yes,,Brooklyn,,40.5792604,-73.9819541
Katzman Playground,Yellowstone Boulevard between 68 Avenue & 68 Road,Yes,,Queens,,40.7225571,-73.8520846
Kennedy King Playground,East 93 Street & Lenox Road,Yes,,Brooklyn,,40.6574779,-73.9214116
Kennedy Playground,Corp. Kennedy Street & 33 Avenue,Yes,,Queens,,40.7706178,-73.77970789999999
Kissena Corridor East (Underhill Playground),Peck Avenue & 188 Street,Yes,,Queens,,40.7444463,-73.7883899
Kissena Park,"Oak Avenue, 104th Street, & Kissena Lake Area",Yes,,Queens,,40.7506548,-73.862104
Kissena Park (Tennis Courts),Rose & Oak avenues,Yes,,Queens,,40.7503423,-73.8100499
La Guardia Playground West,"Havemeyer, Roebling streets & South 4",Yes,,Brooklyn,,40.7132122,-73.95635229999999
Lawerence Virgilio Playground,39 Drive & 54 Street,Yes,Yes,Queens,,40.7468643,-73.90967429999999
Leif Ericson Park & Square,CLF behind CS adjacent to 5th Avenue to 7th Avenue(Highway) between 66th and 67th Street,Yes,,Brooklyn,,41.4366615,-81.7321771
Levy Playground,Jewett & Castleton avenues,Yes,,Staten Island,,40.6336676,-74.129475
Liberty Pool,173rd Street and 106th Avenue,,Yes,Queens,,40.70204529999999,-73.7831305
Lincoln Terrace Park,Buffalo Avenue/Protal Street/New York Avenue,Yes,,Brooklyn,,40.666332,-73.92471300000001
Lincoln Terrace Park (Arthur S. Somers Playground),"East New York, Rochester avenues, Eastern Parkway,Buffalo Avenue",Yes,,Brooklyn,,40.6688668,-73.9283312
Linden Park,"Stanley Avenue, Linden Boulevard",Yes,,Brooklyn,,40.6579899,-73.8961789
Linden Park,104 Street & 41 Avenue,Yes,,Queens,,40.749307,-73.861407
Lindower Park,"Mill & Strickland avenues, 60 Street",Yes,,Brooklyn,,40.6113786,-73.9130391
Little Flower Playground,Madison Street opposite Jefferson Street,No,Yes,Manhattan,,40.7126087,-73.990517
London Planetree Playground,"88 Street, Atlantic-95 avenues",Yes,,Queens,,40.6866195,-73.85396089999999
Loreto Park Playground,"Morris Park Avenue, Haight Avenue, Tomlinson Avenue, Van Nest Avenue",Yes,,Bronx,,40.848601,-73.851218
Loring Field,North Conduit & 149 Avenue,Yes,,Queens,,40.6671078,-73.8124888
Lost Battalion Hall,Queens Boulevard between 62 Avenue & 62 Road,Yes,,Queens,,40.7140394,-73.89959999999999
Lou Lodati Playground,Skillman Avenue & 43 Street,Yes,,Queens,,40.7468885,-73.92080659999999
Louis Armstrong Playground (PS 143),37 Avenue between 112 & 113 streets,No,Yes,Queens,,40.7501911,-73.8801257
Louis Pasteur Park,248 Street & 51 Avenue,Yes,,Queens,,40.7620682,-73.73607539999999
Lozada Playground,"East 135 Street, Willis Avenue, Alexander Avenue",Yes,,Bronx,,40.8072114,-73.92432029999999
Luna Park Playground,West 12 Street & Surf Avenue,Yes,,Brooklyn,,40.57548329999999,-73.97963899999999
Lyons Pool,"Pier 6, Victory Boulevard",No,Yes,Staten Island,,40.6375608,-74.074486
Macombs Dam Park,East 161th Street & Ruppert Place,Yes,,Bronx,,40.8245063,-73.9148575
Magenta Playground,"Olinville Avenue, Rosewood Street",Yes,Yes,Bronx,,40.8732408,-73.86820689999999
Mahoney Playground,Beechwood & Cleveland avenues,Yes,,Staten Island,,40.6440795,-74.0856941
Mapes Pool,"East 180 Street, Mapes & Prospect avenues",Yes,,Bronx,,40.8465184,-73.88563909999999
Maple Playground,Kissena Boulevard & Maple Avenue,No,Yes,Queens,,40.7563615,-73.8258127
Marble Hill Playground,"Marble Hill Avenue, West 230 Street, West 228 Street",No,,Bronx,,40.87830049999999,-73.9080268
Marconi Park,109 Avenue & 155 Street,Yes,,Queens,,40.6924872,-73.7959786
Marc's & Jason's Playground,Sterling Street & Empire Boulevard,Yes,,Brooklyn,,40.6632343,-73.9508962
Marcus Garvey Park (Pelham Fritz Recreation Center),18 Mount Morris Park West,Yes,,Manhattan,,40.8050169,-73.945272
Marcus Garvey Park (Pool),"Madison Avenue, East 120 to East 124 streets",No,,Manhattan,,40.8037062,-73.9379199
Maria Hernandez Park,"Knickerbocker to Irving avenues, Starr to Suydam Streets",Yes,,Brooklyn,,40.7030495,-73.9228108
Marie Curie Park (JHS 158),"211 & Oceana streets, 46 Avenue",Yes,,Queens,,40.755137,-73.7828696
Marine Park,Burnett Street between Avenue U and Avenue X/west of East 33rd Street,Yes,,Brooklyn,,40.590591,-73.9706008
Marine Park Nature Center,East 33rd Street and Avenue U,,Yes,Brooklyn,,40.6050708,-73.9298714
Marion-Hopkinson Playground,Hopkinson Avenue & Marion Street,Yes,,Brooklyn,,40.6814134,-73.9141835
Markham Playground,"Willowbrook Parkway, Forest Avenue & Houston Street",Yes,Yes,Staten Island,,40.569727,-74.1314386
Martin Luther King Houses,"Lenox Avenue, West 113 to West 114 streets",Yes,,Manhattan,,40.8000798,-73.9510414
Martinez Playground,"Scholes Street, Graham Avenue",Yes,,Brooklyn,,40.7087885,-73.9434505
Mathew Muliner Playground,"Delancy Place, Muliner Avenue, Matthews Avenue",Yes,Yes,Bronx,,40.8472985,-73.86114839999999
Maurice A. Fitzgerald Playground,Atlantic Avenue & 106 Street,Yes,,Queens,,40.690781,-73.83926939999999
Maurice Park,"Maurice, Borden, 54 avenues, 63 Street",Yes,,Queens,,40.7273749,-73.90312
May Matthews Playground,West 45 Street between 9 & 10 avenues,Yes,,Manhattan,,40.7595716,-73.9893629
Mazzei Playground,"Mace Avenue, Williamsbridge Road",Yes,,Bronx,,40.8630438,-73.8580616
McCaffrey Playground,"West 43 Street, 8 & 9 avenues",Yes,,Manhattan,,40.7692123,-73.9847724
McCarren Park,12th Street/Driggs Avenue/Lorimer Street/Bedford Avenue,Yes,,Brooklyn,,40.72348400000001,-73.95164989999999
McDonald Playground,"Mcdonald Avenue, between avenues S & T",Yes,,Brooklyn,,40.6224668,-73.9755775
McDonald Playground,"Forest Avenue, Myrtle Avenue between Broadway & Burgher",Yes,,Staten Island,,40.7594235,-73.9850933
McKinley Park,"Fort Hamilton Parkway, 73 to 78 streets, 7 Avenue",Yes,,Brooklyn,,40.6248744,-74.0196314
McKinley Playground,"Avenue A, East 3-East 4 streets",No,,Manhattan,,40.7238277,-73.9850428
McLaughlin Park,"Tillary Street, Jay Street, Cathedral Place, Bridge Street",Yes,,Brooklyn,,40.6959514,-73.9866012
Mellett Playground,Avenue V between East 13 & East 14 streets,Yes,,Brooklyn,,40.735744,-73.99250219999999
Metropolitan Pool,Southeast corner of Bedford & Metropolitan avenues,Yes,,Brooklyn,,40.7153113,-73.9604365
Michaelis-Bayswater Park,"Beach Channel Drive, B 32 Street, Dwight Avenue, Norton Avenue",Yes,Yes,Queens,,40.5987494,-73.7660029
Midland Beach & Boardwalk,"Natural Area and Boardwalk from Sands Lane to Vulcan Street, East of Father Capodanno Boulevard",Yes,Yes,Staten Island,This facility is currently closed,40.5901264,-74.077152
Midland Field,Midland Avenue & Mason Avenue,,Yes,Staten Island,Closed from 7:30 - 3:30p during the schoolyear.,40.5747762,-74.097614
Midland Playground,Lincoln & Mason avenues,Yes,,Staten Island,,40.5740084,-74.09855270000001
Millbrook Playground,"East 135 Street, Cypress Avenue",Yes,Yes,Bronx,,40.8037164,-73.91584619999999
Monsignor Mcgolrick Park,"Driggs to Nassau avenues, Russell to Monitor streets",Yes,,Brooklyn,,40.7257971,-73.9426335
Montbellier Park,Springfield Boulevard & 139 Avenue,No,,Queens,,40.673374,-73.7562501
Morningside Park,West 123 Street & Morningside Avenue,Yes,Yes,Manhattan,,40.8101043,-73.9550259
Morningside Park,"Athletic Fields and Lawns from 114th Street to 110th Street along Manhattan Avenue, East of Upper Path",Yes,,Manhattan,,40.802479,-73.9586849
Morningside Playground,West 117 Street & Morningside Avenue,Yes,,Manhattan,,40.8063273,-73.9577683
Mosholu Playground (PS 8),"Mosholu Pkwy, Bainbridge Avenue, Briggs Avenue",Yes,,Bronx,,40.8725909,-73.8812487
Mott Playground,"Morris Avenue, College Avenue, Mc Clellan Street",Yes,,Bronx,,40.8331698,-73.919043
Msgnr. Kett,West 204 Street & Nagle Avenue,Yes,,Manhattan,,40.8631267,-73.9206234
Mt. Prospect Park,"Eastern Parkway, Underhill Avenue",Yes,,Brooklyn,,40.6729124,-73.9675413
Mullaly Park (Skate Building),"East 164 Street, Jerome Avenue, Macombs Dam Bridge, East 162 Street, River Avenue",Yes,,Bronx,,40.8282007,-73.9311955
Murray Playground,"21 Street, 45 Avenue, 11 Street, 45 Road",No,,Queens,,40.7484184,-73.95235699999999
Nautilus Playground,Merrick & Baisley boulevards,Yes,,Queens,,40.6837256,-73.7697634
Nelson Playground,"West 166 Street, Nelson Avenue, Woodycrest Avenue",Yes,,Bronx,,40.8353466,-73.9269937
Newport Playground,Newport Avenue & Osborn Street,Yes,,Brooklyn,,40.661308,-73.9066622
Noble Playground,"Nobel Avenue, Bronx River Avenue, Bronx River Parkway, Cross Bronx Expressway",No,,Bronx,,40.836716,-73.87557199999999
Noonan Playground,"Greenpoint & 47 avenues, 43 Street",Yes,,Queens,,40.7411181,-73.9211238
North Rochdale Playground (PS 30),Baisley Boulevard & Bedell Street,Yes,,Queens,,40.6805257,-73.7747327
Nostrand Playground,Nostrand & Foster avenues,Yes,,Brooklyn,,40.6386085,-73.9482713
Ocean Hill Playground,"Bergen Street, Rockaway Avenue, Dean Street",Yes,,Brooklyn,,40.674412,-73.911209
Old Town Playground,"Parkinson Avenue, Kramer Street",Yes,,Staten Island,,40.5956608,-74.0821534
Oracle Playground,Adelphi & Myrtle avenues,Yes,,Brooklyn,,40.69321,-73.97187199999999
Orchard Beach Pavilion,"Bruckner Boulevard, Eastchester Bay, Hutchinson",No,,Bronx,,40.823965,-73.8771406
Orchard Beach Pavilion,"Bruckner Boulevard, Eastchester Bay, Hutchinson",Yes,Yes,Bronx,,40.823965,-73.8771406
Orville & Wilbur Playground,West 156 Street & St. Nicholas Avenue,Yes,,Manhattan,,40.8280385,-73.9424401
Osborn Playground,Linden Boulevard & Osborn Street,Yes,,Brooklyn,,40.6551791,-73.9050931
Owen Dolen Recreation Center,"Westchester Avenue, Lane Avenue, East Tremont Avenue",Yes,,Bronx,,40.8410341,-73.8644818
P.O. Nicholas Demutis Playground,102 Street & Liberty Avenue,Yes,,Queens,,40.68143630000001,-73.8386586
P.O. Serrano Playground,"Turnbull Avenue, Olmstead Avenue, Lafayette Avenue",Yes,,Bronx,,40.8235982,-73.8522496
Paerdegat Park,"Foster Avenue, East 40-41 streets",Yes,,Brooklyn,,40.6392065,-73.938741
Painters Playground (PS 174),Alderton Street from Dieterle to Elwell Crescents,Yes,,Queens,,40.7221496,-73.8646069
Park Slope Playground,Berkeley Street & Lincoln Place,Yes,,Brooklyn,,40.6706976,-73.9493059
Parkside Playground,"Arnow Avenue, Adee Avenue, Olinville Avenue",Yes,Yes,Bronx,,40.8696847,-73.8682359
Parkside Playground,"Parkside, Bedford & Rogers avenues",Yes,,Brooklyn,,40.655293,-73.96149400000002
Pat Perlato Playground,Falmouth Street & Oriental Avenue,Yes,,Brooklyn,This facility is currently closed. ,40.5776585,-73.9463002
Paul W. Kolbert Park/Rachel Haber Cohen Playground,"Avenue L, East 17 to East 18 streets",Yes,,Brooklyn,,40.6183283,-73.9571888
Pelham Bay Park (Bruckner Boulevard and Wilkinson Avenue),"Bruckner Boulevard, Eastchester Bay, Hutchinson",Yes,,Bronx,,40.823965,-73.8771406
Pelham Bay Park (Bruckner CS),"Bruckner Boulevard, Eastchester Bay, Hutchinson",Yes,,Bronx,,40.823965,-73.8771406
Pelham Bay Park (Hunter Island Picnic Area),"Bruckner Boulevard, Eastchester Bay, Hutchinson",Yes,Yes,Bronx,,40.823965,-73.8771406
Pelham Bay Park (Playground for All Children),Bruckner Expressway & Buhre Avenue,Yes,Yes,Bronx,,40.8486291,-73.8279754
Pelham South Park Headquarters,"Bruckner Boulevard, Eastchester Bay, Hutchinson",Yes,,Bronx,,40.823965,-73.8771406
People's Park Playground,"Brook Avenue, East 141 Street",Yes,,Bronx,,40.80957859999999,-73.9180595
Peter's Field,183 Place & Henderson Avenue,Yes,,Queens,,40.706863,-73.7740882
PFC Thomas Norton Memorial Playground,Nostrand Avenue & Marine Parkway,Yes,,Brooklyn,,40.6147979,-73.9445719
Pierrepont Playground,"Furman Street, Pierrepont Place",Yes,,Brooklyn,,40.6971602,-73.9976818
Pink Playground,Stanley Avenue & Eldert Lane,Yes,,Brooklyn,,40.6662576,-73.8620298
Playground 62 (PS 220),Yellowstone Boulevard between 62 Avenue & 62 Road,Yes,,Queens,,40.7140394,-73.89959999999999
Playground 70,West End Avenue & West 70 Street,Yes,Yes,Manhattan,,40.7784935,-73.9854481
Playground 90/PS 148 Playground,Northern Boulevard & 90 Street,Yes,,Queens,,40.7563822,-73.8779457
Playground Fifty-Two,"Kelly Street, St. John's Avenue, Beck Street",Yes,,Bronx,,40.8167927,-73.8982574
Playground Ninety Six (XCVI),"2 Avenue, East 96 to East 97 streets",Yes,,Manhattan,,40.7861708,-73.9495271
Playground Seventy-Five (PS 154),160 Street & 75 Avenue,Yes,,Queens,,40.7267061,-73.8086853
Police Officer Reinaldo Salgado Playground,Madison Street & Patchen Avenue,Yes,,Brooklyn,,40.6874321,-73.9269628
Poor Richard's Playground,East 109 Street between 2 & 3 avenues,Yes,,Manhattan,,40.7941884,-73.9448749
Potomac Playground,Tompkins Avenue & Halsey Street,Yes,,Brooklyn,,40.6825139,-73.94374499999999
Pratt Playground,"Willoughby Avenue, Emerson Place",Yes,,Brooklyn,,40.6923048,-73.9618988
Prescott Playground,Hylan Boulevard & Huguenot Avenue,Yes,,Staten Island,,40.5239656,-74.1860806
Prospect Park (East Parade Grounds),Argyle Road/Parade Place./Parkside Avenue/Caton Avenue,Yes,,Brooklyn,,40.6396611,-73.9660342
Prospect Park (Litchfield Villa),Prospect Park West/3rd Street/7th Street,Yes,,Brooklyn,,40.6682362,-73.9738301
Prospect Park (Middle Long Meadow),Picnic House,Yes,Yes,Brooklyn,,40.6655603,-73.971575
Prospect Park (The Bandshell),Prospect Park West/7th Street/15th Street,Yes,Yes,Brooklyn,,40.6651991,-73.9885478
Prospect Park (West Parade Grounds),Coney Island Avenue/Arglye Road/Parkside Avenue/Caton Avenue,Yes,,Brooklyn,,40.6136033,-73.9631313
Prospect Park (Willink Hill),Lincoln Road/Ocean Avenue/Willink Entrance/East Lake Drive,Yes,,Brooklyn,,40.6605342,-73.9627709
Prospect Park (Willink Hill),Lincoln Road/Ocean Avenue/Willink Entrance/East Lake Drive,No,,Brooklyn,,40.6605342,-73.9627709
Prospect Park (Wollman Rink & Flower Garden),Prospect Lake/East Lake Drive/south of Breeze Hill/Parking Lot,,,Brooklyn,,40.6603691,-73.9633971
PS 1 Playground,"46 & 47 streets, 3 Avenue",Yes,,Brooklyn,,40.6520945,-74.01736029999999
PS 155 Playground,"East 117 to East 118 streets, 1 to 2 avenues",Yes,,Manhattan,,40.7641964,-73.9617361
PS 286 Playground,"Avenue Y, between Brown & Haring streets",Yes,Yes,Brooklyn,,40.5945088,-73.9397855
PS 59 Sumner Playground,"Throop, Park, Mytrle avenues",Yes,,Brooklyn,,40.699841,-73.908683
Quarry Ballfields,"Quarry Road, East 181 Street, Oak Place & Hughes Avenue",No,Yes,Bronx,,40.8511382,-73.8928164
Queens Farm Museum,"Little Neck Parkway, Commonwealth Boulevard, south of Grand Central Parkway",Yes,,Queens,,40.7391322,-73.7237346
Queensbridge Park,"21 Street, Bridge Plaza, Vernon Boulevard, East River",Yes,,Queens,,40.7282239,-73.7948516
Railroad Playground,Ditmas Avenue between East 91 & East 92 streets,Yes,Yes,Brooklyn,,40.6781784,-73.9441579
Rainey Park,"Dawson Street, Beck Street, Kelly Street, Intervale Avenue, Longwood Avenue",No,,Bronx,,40.8248438,-73.8915875
Rainey Park,"Vernon Boulevard, 33 Road, 34 Street, East River",Yes,,Queens,,40.7652262,-73.9399775
Randall Playground,"Randall Avenue, Castle Hill Avenue",No,,Bronx,,40.8190937,-73.8479861
Rappaport Playground,"52-53 streets, Fort Hamilton Parkway",Yes,,Brooklyn,,40.6495745,-74.02271019999999
Real Good Park (Lie Playground),"LIE, 99 Street & 62 Avenue",Yes,Yes,Queens,,40.7336657,-73.85764979999999
Red Hook Park,"Otsego, Bay, Hicks, Lorraine, Court, Halleck streets",No,,Brooklyn,,40.6708196,-74.0046191
Red Hook Park,"Columbia and Bay streets, southeast of ""Halleck Street"" Sidewalk and northeast of ""Henry Street"" Sidewalk",Yes,,Brooklyn,,40.6867,-73.998189
Red Hook Park (Coffey Park Playground),"King, Richards, & Dwight Streets",Yes,,Brooklyn,,40.67588,-74.0092167
Red Hook Park (Recreation Center),"Otsego, Bay, Hicks, Lorraine, Court, Halleck streets",Yes,,Brooklyn,,40.6708196,-74.0046191
Reiff Playground,"Fresh Pond Road, 63 Street, 59 Drive",Yes,,Queens,,40.7180155,-73.9011131
Renaissance Playground,"West 144 Street, between 7 & 8 avenues",Yes,,Manhattan,,40.8226338,-73.94351
Rev. Polite Playground,"Rev. James Polite Avenue, Intervale Avenue, East 167 Street",Yes,,Bronx,,40.826007,-73.8968469
Richman (Echo) Park Playground,"East 178 Street & Ryer Avenue, Upper Level",Yes,Yes,Bronx,,40.8498739,-73.901799
Rienzi Playground,"East 226 Street, Barnes Avenue, East 225 Street",Yes,,Bronx,,40.886892,-73.857593
Riverbend Playground,"Bailey Avenue, West Kingsbridge Road",Yes,Yes,Bronx,,40.8731945,-73.90569719999999
Riverside Park (Boat Basin),"Riverside Drive to Hudson River, West 59th Street to Clair Place",No,,Manhattan,,40.8175375,-73.9606984
Riverside Park (Café),"105th Street, next to Henry Hudson Parkway",No,Yes,Manhattan,,40.8261241,-73.9547989
Riverside Park (Claremont),West 124 Street & Riverside Drive,Yes,,Manhattan,,40.807022,-73.94530329999999
Riverside Park (Classic Playground),72nd to 79th streets between Hudson River and Henry Hudson Parkway,Yes,,Manhattan,,40.8261241,-73.9547989
Riverside Park (Dinosaur Playground),West 97 Street & Riverside Drive,Yes,,Manhattan,,40.7966037,-73.97429199999999
Riverside Park (Hippo Playground),West 91 Street & Riverside Drive,Yes,,Manhattan,,40.7927426,-73.9770935
Riverside Park (Neufeld Playground),West 76 Street & Riverside Drive,Yes,,Manhattan,,40.7831908,-73.9844723
Riverside Park (River Run Playground),West 83 Street & Riverside Drive,Yes,,Manhattan,,40.78769020000001,-73.9811558
Riverside Park (Riverbank Playground),West 142 Street & Riverside Drive,Yes,,Manhattan,,40.8254388,-73.95370919999999
Riverside Park (Ten Mile River Playground),West 148 Street & Hudson River,No,,Manhattan,,40.8263917,-73.9443799
Riverside Park (Tennis Courts),Riverside Drive & West 96th Street,Yes,,Manhattan,,40.8095625,-73.96731249999999
Robert Moses Playground,"1 Avenue, East 41 to East 42 streets",Yes,,Manhattan,,40.7507625,-73.9744598
Rochdale Park,"Guy Brewer Boulevard, 134 Avenue",Yes,,Queens,,40.6733704,-73.77575259999999
Rockaway Beach,Between 87th Street and 100th Street,No,,Queens,,40.6617856,-73.8337742
Rockaway Beach,Between 100th Street and 110th Street,No,,Queens,,40.7375722,-73.8489238
Rockaway Beach & Boardwalk (Beach 59th Street Playground),Boardwalk & Beach 59-60 streets,Yes,,Queens,,40.7187771,-73.9069016
Rockaway Beach (Beach 116Th),Between 110th and 121st streets,Yes,,Queens,This facility is currently closed,40.6855357,-73.8217923
Rockaway Beach 106 Comfort Station,Beach 106 Street,,Yes,Queens,,40.5828611,-73.8278275
Rockaway Beach 117th L/G,Beach 117 Street,,Yes,Queens,,40.5795009,-73.8381068
Rockaway Beach 86 Comfort Station,Beach 86 Street,,Yes,Queens,,40.5891178,-73.8114728
Rockaway Beach 97 Comfort Station,Beach 97 Street,,Yes,Queens,,40.584947,-73.8188057
Rodney Playground South,"Rodney, South 3 & South 4 streets",Yes,,Brooklyn,,40.7132846,-73.96736419999999
Roebling Playground,"Wilson & Lee avenues, Taylor Street",Yes,,Brooklyn,,40.70701409999999,-73.9613866
Roger Morris Park (Morris Jumel Mansion),"Jumel Terrace to Edgecombe Avenue, West 160 to West 162 streets",Yes,,Manhattan,,40.8338537,-73.9384881
Rolf Henry Playground,New York & Clarkson avenues,Yes,,Brooklyn,,40.6561019,-73.9395701
Rose Hill Park,"Webster Avenue, Harlem River, East Fordham Road",Yes,,Bronx,,40.8647526,-73.8875183
Rosemary's Playground (JHS 93),"Woodward Avenue, Woodbine Street, Fairview Avenue",Yes,,Queens,,40.705483,-73.903772
Roy Wilkins Recreation Center,Northwest of fence running from 118th Road to hospital,Yes,,Queens,,40.7282239,-73.7948516
Roy Wilkins Recreation Center,Southeast of fence running from 118th Road to hospital,Yes,,Queens,,40.7282239,-73.7948516
Rudd Playground,Aberdeen Street & Bushwick Avenue,Yes,,Brooklyn,,40.6823741,-73.9056353
Rufus King Park,"Jamaica Avenue, 153 Street, 89 Avenue, 150 Street",Yes,,Queens,,40.7026962,-73.8027944
Russell Pederson Playground,"Colonial Road, 83 to 85 streets",Yes,,Brooklyn,,40.613339,-74.011086
Russell Sage Playground (JHS 190),"68 Avenue, Booth to Austin streets",Yes,,Queens,,40.7205676,-73.8458992
Sara D. Roosevelt Park,East Houston Street to Canal Street,Yes,Yes,Manhattan,,40.7194006,-74.0018946
Saratoga Square Park,"Howard Avenue, Halsey, Macon streets",Yes,,Brooklyn,,40.6851865,-73.9204706
Schmul Park,"Wild Avenue, Pearson Street",Yes,,Staten Island,,40.5906696,-74.18846479999999
Seaside Playground (PS 225),"Rockaway Beach Boulevard, B109-B110 streets",Yes,,Queens,,40.5831389,-73.8226563
Seth Low Playground,"Avenue P, Bay Parkway, West 12 Street",Yes,,Brooklyn,,40.6096878,-73.9857633
Seton Park,"West 135 Street, Independence Avenue, West 232 Street",Yes,,Bronx,,40.8849074,-73.9162576
Seton Park Playground,West 235 Street & Douglas Avenue,No,,Bronx,,40.8869086,-73.9165713
Sheltering Arms Park,"West 129 Street, Amsterdam Avenue",Yes,,Manhattan,,40.8151174,-73.9549926
Sheltering Arms Park (Pool),"West 129 Street, Amsterdam Avenue",No,,Manhattan,,40.8151174,-73.9549926
Shore Road Park,Owl's Head Park to Fort Hamilton Parkway Narrows Avenue,Yes,,Brooklyn,,40.6401377,-74.0322522
Shore Road Park,72nd Street to Harbor View,Yes,,Brooklyn,,40.5848299,-73.9307439
Shore Road Park,"92nd Street to 4 Avenue - lower half, by expressway",Yes,,Brooklyn,,40.6781784,-73.9441579
Shore Road Park,"92nd Street to 4 Avenue - upper half, by road",No,,Brooklyn,,40.6497863,-74.0090187
Silver Lake Park,"Victory Boulevard, Clove Road, Forest Avenue",Yes,,Staten Island,,40.6164058,-74.1035902
Slattery Playground,"East 183 Street, Ryer Avenue, Valentine Avenue",Yes,,Bronx,,40.8571315,-73.8990893
Slope Park,6 Avenue Bet 18 & 19 Sts,Yes,,Brooklyn,,40.6666733,-73.9994322
Smokey Oval,125 Street & Atlantic Avenue,Yes,,Queens,,40.6953688,-73.8228781
Sol Bloom Playground,"Columbus Avenue, West 91 to West 92 streets, Central Park West",Yes,,Manhattan,,40.7891299,-73.9665898
Sol Lain Playground,"Broadway, Henry Street, Samuel Dickstein Place",No,,Manhattan,,40.7138054,-73.9850366
Soundview Park Playground,Metcalf Avenue between Seward and Randall avenues,No,,Bronx,,40.8162798,-73.8682385
South Beach,"Natural Area and Boardwalk from Sands Lane to Vulcan Street, East of Father Capodanno Boulevard",Yes,,Staten Island,This facility is currently closed,40.5901264,-74.077152
South Beach (Saturn Playground),"Natural Area and Boardwalk from Sands Lane to Vulcan Street, East of Father Capodanno Boulevard",Yes,Yes,Staten Island,This facility is currently closed,40.5901264,-74.077152
South Beach Wetlands,Quintard St Bet. Quincy Ave & Father Capodanno Blvd,,Yes,Staten Island,,40.5811558,-74.0757754
Space Time Playground,"Streetory Avenue, Bolton Avenue, Lafayette Avenue, Underhill Avenue",No,,Bronx,,40.8218107,-73.86021219999999
Sperandeo Brothers Playground,Atlantic Avenue & Elton Street,Yes,,Brooklyn,,40.6779449,-73.884474
Springfield Park,"149 Avenue, Springfield Boulevard, 145 Road, 148 Street",Yes,,Queens,,40.6637143,-73.7591934
St Nicholas Park South,West 129 & 7 Avenue,Yes,,Manhattan,,40.8114908,-73.94639289999999
St. Albans Park (174 Street Playground),174 Street & 113 Avenue,Yes,,Queens,,40.6976215,-73.7647904
St. Andrew's Playground,Atlantic Avenue & Herkimer Street,Yes,,Brooklyn,,40.675554,-73.9030576
St. Catherine's Park,"East 67-68 streets, 1 Avenue",Yes,,Manhattan,,40.7688809,-73.9659764
St. Mary's Park (Recreation Center),450 St. Ann's Avenue,Yes,Yes,Bronx,,40.8113663,-73.91410379999999
St. Mary's Park West,St. Anns Avenue & East 147 Street,Yes,,Bronx,,40.812969,-73.9137286
St. Mary's Playground East Playground,Jackson Avenue between East 144 and 145 streets,Yes,Yes,Bronx,,40.7888205,-73.8221804
St. Nicholas Park,West 133 Street & St. Nicholas Avenue,Yes,,Manhattan,,40.8156885,-73.94862460000002
St. Nicholas Park,West 129 Street & St. Nicholas Terrace,Yes,,Manhattan,,40.81354899999999,-73.9513212
St. Nicholas Park (Arlington Edinboro Playground),West 140 Street & St. Nicholas Avenue,Yes,,Manhattan,,40.8205972,-73.9464625
St. Vartan Park,"East 35-East 36 streets, between 1 & 2 avenues",Yes,Yes,Manhattan,,40.7488383,-73.980977
Stanley Isaacs,East 96-97 streets & FDR Drive,Yes,Yes,Manhattan,,40.7872117,-73.95245299999999
Stapleton Playground,Tompkins Avenue & Broad Street,Yes,Yes,Staten Island,,40.6246398,-74.0796218
Star Spangled Banner Playground,Franklin & Willoughby avenues,Yes,,Brooklyn,,40.693901,-73.9489238
Stars & Stripes Playground,"Baychester Avenue, Crawford Avenue",Yes,,Bronx,,40.88473159999999,-73.8404156
Sternberg Park,"Montrose Avenue, Boerum, Lorimer, Leonard streets",Yes,Yes,Brooklyn,,40.7077716,-73.9398633
Stockton Playground,Marcy & Park avenues,Yes,,Brooklyn,,40.6975765,-73.94964770000001
Stroud Playground,Classon Avenue & Sterling Place,Yes,,Brooklyn,,40.674013,-73.96039189999999
Sunset Park,"41 to 44 streets, 5 to 7 avenues",Yes,,Brooklyn,,40.631038,-74.0160382
Sunset Park (Recreation Center),"41 to 44 streets, 5 to 7 avenues",Yes,,Brooklyn,,40.631038,-74.0160382
Surf Playground,West 27 Street & Surf Avenue,Yes,,Brooklyn,,40.5731593,-73.9927805
Tall Oak Playground,"64 Avenue, 218 & 219 streets",Yes,,Queens,,40.7285784,-73.7448869
Taylor Playground,"Guerlain Street, Thieriot Avenue, Taylor Avenue",Yes,,Bronx,,40.8395128,-73.86581629999999
Tecumseh Playground,West 77 Street & Amsterdam Avenue,Yes,,Manhattan,,40.7818433,-73.9792822
Terrace Playground,Howard Avenue & Martha Street,Yes,Yes,Staten Island,,40.6134464,-74.0979139
The Pearly Gates,"Tratman Avenue, Street Peter's Avenue",Yes,,Bronx,,40.8389105,-73.8458491
Thomas Jefferson Park,"1 Avenue to FDR Drive, East 111 to East 114 streets",Yes,,Manhattan,,40.7918764,-73.93560579999999
Tiffany Playground,"Tiffany Street, Fox Street, East 167 Street",Yes,,Bronx,,40.8265229,-73.89386580000001
Tiger Playground,Evergreen Avenue & Eldert Street,Yes,Yes,Brooklyn,,40.688129,-73.91169099999999
Tilden Playground,"Tilden Avenue, East 48 to East 49 streets",Yes,,Brooklyn,,40.6480575,-73.93194559999999
Todt Hill Playground,Schmidts Lane & Manor Road,Yes,Yes,Staten Island,,40.60884,-74.1211568
Tompkins Square Park,"Avenues A to B, East 7 to East 10 streets",Yes,Yes,Manhattan,,40.7287766,-73.984435
Tremont Park Playground,Corner of East 175 Street & Arthur Avenue,Yes,,Bronx,,40.8438985,-73.8947239
Triborough Bridge Playground A,"Hoyt Avenue, 19 to 21 streets",Yes,,Queens,,40.7639963,-73.932882
Triborough Bridge Playground B,"Hoyt Avenue, 21 to 23 streets",No,,Queens,,40.7653759,-73.9296586
Underhill Playground,Underhill Avenue & Prospect Place,Yes,,Brooklyn,,40.6770641,-73.96599359999999
Underwood Park,Lafayette & Waverly avenues,Yes,Yes,Brooklyn,,40.6881054,-73.9668524
Union Playground (PS 214),Union Street & 31 Road,Yes,,Queens,,40.7706513,-73.82656639999999
Union Square Park,"Broadway to 4 Avenue, East 14 Street to East 17 streets",Yes,,Manhattan,,40.7356205,-73.9867469
Van Cortlandt Park (Allen Shandler Recreation Area),"Broadway, Jerome Avenue, City Line, Van Cortlandt Park South",Yes,,Bronx,,40.8854106,-73.8934812
Van Cortlandt Park (Classic Playground),Van Cortlandt Park South and Gouverneur Avenue,Yes,,Bronx,,40.8848776,-73.890838
Van Cortlandt Park (Indian Field),"Broadway, Jerome Avenue, City Line, Van Cortlandt Park South",Yes,Yes,Bronx,,40.8854106,-73.8934812
Van Cortlandt Park (Nature Center),West 239 Street & Van Cortlandt East,Yes,,Bronx,,40.8887225,-73.9078993
Van Cortlandt Park (Pool Building),West 242nd Street & Broadway,Yes,,Bronx,,40.8894634,-73.8983574
Van Cortlandt Park (Stables Area),Broadway and West 254th Street,Yes,,Bronx,,40.9010626,-73.89695069999999
Van Cortlandt Park (Stadium),"Broadway, Jerome Avenue, City Line, Van Cortlandt Park South",Yes,,Bronx,,40.8854106,-73.8934812
Van Cortlandt Park (UC Pool Headquarters),"Broadway, Jerome Avenue, City Line, Van Cortlandt Park South",Yes,,Bronx,,40.8854106,-73.8934812
Van Cortlandt Park (UC Pool Men's Locker),West 242nd Street & Broadway,Yes,,Bronx,,40.8894634,-73.8983574
Van Cortlandt Park (Woodlawn Playground),West 239 Street & Van Cortlandt East,Yes,,Bronx,,40.8887225,-73.9078993
Van Voorhees Lower Park,"Congress, Columbia, West/South BQE",Yes,Yes,Brooklyn,,40.7119203,-73.9547927
Vesuvio Playground,Spring & Thompson streets,Yes,Yes,Manhattan,,40.7248988,-74.0026214
Vidalia Park,Vyse & Daly avenues between West 179-180 streets,No,Yes,Bronx,,40.853825,-73.90306749999999
Vinmont Veteran Playground,"Mosholu Avenue, West 254 Street, Riverdale Avenue, West 256 Street",Yes,Yes,Bronx,,40.9041461,-73.9050196
Virginia Playground,"Virginia Avenue, McGraw Avenue, Cross Bronx Expressway, White Plains Road",No,,Bronx,,40.8561899,-73.8674046
Vleigh Place Playground,Vleigh Place & 141 Street,Yes,Yes,Queens,,40.71944,-73.8206507
Vleigh Playground (PS 165),70 Road to 71 Avenue,Yes,,Queens,,40.7078378,-73.8696157
Wagner Pool,East 124 Street between 1 & 2 Avenues,No,,Manhattan,,40.8037062,-73.9379199
Wakefield Playground,"Matilda Avenue, East 239 Street, Carpenter Avenue",Yes,,Bronx,,40.9012013,-73.8556432
Washington Hall Playground,"Park, Washington avenues to Hall Street",Yes,Yes,Brooklyn,,40.6935806,-73.9659484
Washington Square Park Western Half,"5 Avenue, Waverly Place, West 4 & MacDougal streets.",Yes,,Manhattan,,40.7310533,-73.9996124
Watson Gleason Playground,"Gleason Avenue, Rosedale Avenue, Watson Avenue, Nobel Avenue",Yes,,Bronx,,40.8273071,-73.8691857
Wayanda Park,Robard Lane & 217 Street,Yes,,Queens,,40.7103092,-73.7396045
Webster Playground,E. 188 St. Bet. Webster Ave. And Park Ave.,,Yes,Bronx,,40.8279071,-73.912172
Weeping Beech Park,37 Avenue & Bowne Street,Yes,,Queens,,40.7629826,-73.8253297
West 2nd Street Comfort Station,W. 2nd Street,,,Brooklyn,,40.5903367,-73.9720731
West 59th Street Recreation Center & Pool,"West 59 to West 60 streets, Amsterdam to West End avenues",Yes,,Manhattan,,40.7873364,-73.9790108
West 8nd Street CS,W 8 St.,,,Brooklyn,,40.5929826,-73.9788088
Whitestone Playground (PS 193),12 Avenue & 153 Street,Yes,,Queens,,40.7020054,-73.8019331
William E. Kelly Memorial Park,"Avenue S, East 14 & East 15 streets",Yes,,Brooklyn,,40.6033683,-73.95821149999999
William Sheridan Playground,"Wythe Avenue, Berry & Grand streets",Yes,,Brooklyn,,40.7131538,-73.9656466
Williamsbridge Oval,"Reservoir Oval East, Reservoir Oval West, Reservoir Place, Putnam Place, Bainbridge Avenue, Wayne Avenue, Tryon Avenue, Holt Place, Van Cortlandt Avenue",Yes,,Bronx,,40.8766946,-73.8836458
Willis Playground,"East 139 Street, East 140 Street, Willis & Alexander avenues",Yes,,Bronx,,40.8447819,-73.8648268
Willoughby Playground,Tompkins & Willoughby avenues,Yes,,Brooklyn,,40.6942295,-73.9460864
Willow Lake Playground (PS 196),Grand Central Parkway between 71 & 72 avenues,Yes,,Queens,,40.72608340000001,-73.82469859999999
Willowbrook Park,Richmond Avenue To Victory Boulevard,Yes,,Staten Island,,40.6118459,-74.1384376
Wingate Park,Brooklyn Avenue & Rutland Road,Yes,,Brooklyn,,40.6597231,-73.94535789999999
Woods Playground,Bergen Street & Utica Avenue,Yes,,Brooklyn,,40.67504479999999,-73.9305402
Woodtree Playground,"20 Avenue, 37 Street, 38 Street",Yes,,Queens,,40.7611008,-73.9196655
Yak Playground,Avenue Y between Coyle & Batchelder streets,Yes,Yes,Brooklyn,,40.5950888,-73.9379716
Zimmerman Playground,"Britton Street, Barker Avenue, Olinville Avenue",No,,Bronx,,40.8666101,-73.8691575
